PersonID,Address,Test
Person_729960822,Bray Hall,NA
Person_890908145,Blitman Residence Commons,NA
Person_332261652,Cary Hall,NA
Person_076194812,Blitman Residence Commons,NA
Person_135788187,Blitman Residence Commons,NA
Person_397524382,Beman and Brinsmade,NA
Person_890643970,Barton Hall,NA
Person_194404925,Cary Hall,NA
Person_500768206,Bray Hall,NA
Person_432717524,Blitman Residence Commons,NA
Person_806900142,Beman and Brinsmade,NA
Person_579557870,Barton Hall,NA
Person_504675548,Blitman Residence Commons,NA
Person_736398312,Blitman Residence Commons,NA
Person_041639882,City Station South,NA
Person_442499345,Blitman Residence Commons,NA
Person_352939308,Barton Hall,NA
Person_821267030,Polytechnic Apartments,NA
Person_776750320,Cary Hall,NA
Person_867163032,Cary Hall,NA
Person_379890516,Barton Hall,NA
Person_861843422,Beman and Brinsmade,NA
Person_326743473,Cary Hall,NA
Person_257855631,Barton Hall,NA
Person_235713829,Cary Hall,NA
Person_759052879,Cary Hall,NA
Person_936191254,Barton Hall,NA
Person_951632122,City Station South,NA
Person_061190488,Blitman Residence Commons,NA
Person_067710960,Beman and Brinsmade,NA
Person_302759416,Cary Hall,NA
Person_098412403,Blitman Residence Commons,NA
Person_281910714,Beman and Brinsmade,NA
Person_972821045,City Station South,NA
Person_994198275,Polytechnic Apartments,NA
Person_927840286,Polytechnic Apartments,NA
Person_107449343,Beman and Brinsmade,NA
Person_695934258,Polytechnic Apartments,NA
Person_357760030,Bray Hall,NA
Person_462021733,Polytechnic Apartments,NA
Person_651963507,City Station South,NA
Person_611819100,Polytechnic Apartments,NA
Person_435270295,Cary Hall,NA
Person_734378932,City Station South,NA
Person_287099896,Barton Hall,NA
Person_892734612,Blitman Residence Commons,NA
Person_756922097,Bray Hall,NA
Person_582831106,City Station South,NA
Person_521894123,Polytechnic Apartments,NA
Person_335265003,Cary Hall,NA
Person_439310244,City Station South,NA
Person_646026582,Polytechnic Apartments,NA
Person_220763976,Blitman Residence Commons,NA
Person_977829150,Barton Hall,NA
Person_956069081,Barton Hall,NA
Person_869493489,Polytechnic Apartments,NA
Person_290171441,Barton Hall,NA
Person_763893333,Beman and Brinsmade,NA
Person_142427008,Cary Hall,NA
Person_046613395,City Station South,NA
Person_906589108,Bray Hall,NA
Person_274498004,City Station South,NA
Person_833008008,Bray Hall,NA
Person_111366588,Beman and Brinsmade,NA
Person_242432979,Barton Hall,NA
Person_193279743,Cary Hall,NA
Person_163250492,Blitman Residence Commons,NA
Person_673814745,Blitman Residence Commons,NA
Person_580394036,Bray Hall,NA
Person_037145772,Blitman Residence Commons,NA
Person_918461202,Bray Hall,NA
Person_253149742,Blitman Residence Commons,NA
Person_300586331,Polytechnic Apartments,NA
Person_234276862,Cary Hall,NA
Person_488726063,Cary Hall,NA
Person_288144160,Bray Hall,NA
Person_038595826,Polytechnic Apartments,NA
Person_022970803,Bray Hall,NA
Person_041980911,Beman and Brinsmade,NA
Person_608315685,Polytechnic Apartments,NA
Person_915229414,Blitman Residence Commons,NA
Person_142376891,City Station South,NA
Person_494840469,Blitman Residence Commons,NA
Person_235087735,Barton Hall,NA
Person_517780725,Beman and Brinsmade,NA
Person_664566176,Bray Hall,NA
Person_634577838,Bray Hall,NA
Person_939490314,City Station South,NA
Person_587247411,Polytechnic Apartments,NA
Person_032059039,Beman and Brinsmade,NA
Person_998620321,City Station South,NA
Person_235021739,City Station South,NA
Person_043681411,Cary Hall,NA
Person_844168771,Barton Hall,NA
Person_593690934,Beman and Brinsmade,NA
Person_651149482,Cary Hall,NA
Person_512351701,Bray Hall,NA
Person_337144917,City Station South,NA
Person_120778954,Cary Hall,NA
Person_437988158,Polytechnic Apartments,NA
Person_761419341,City Station South,NA
Person_616589891,Bray Hall,NA
Person_237874311,Blitman Residence Commons,NA
Person_621878458,Barton Hall,NA
Person_319442460,City Station South,NA
Person_592068149,Beman and Brinsmade,NA
Person_249235918,City Station South,NA
Person_650232307,Barton Hall,NA
Person_314848869,Blitman Residence Commons,NA
Person_624533545,City Station South,NA
Person_814874067,Bray Hall,NA
Person_956134202,Polytechnic Apartments,NA
Person_550711386,Bray Hall,NA
Person_820591585,Blitman Residence Commons,NA
Person_992987157,Cary Hall,NA
Person_511088374,Blitman Residence Commons,NA
Person_744875406,Cary Hall,NA
Person_355557996,Blitman Residence Commons,NA
Person_014327890,Cary Hall,NA
Person_969209330,Polytechnic Apartments,NA
Person_375648241,Blitman Residence Commons,NA
Person_700402603,Polytechnic Apartments,NA
Person_239054393,City Station South,NA
Person_437364979,Beman and Brinsmade,NA
Person_235082228,Barton Hall,NA
Person_609225676,Beman and Brinsmade,NA
Person_566955506,Cary Hall,NA
Person_954255587,City Station South,NA
Person_238452365,Polytechnic Apartments,NA
Person_267978299,City Station South,NA
Person_251835139,Blitman Residence Commons,NA
Person_375312490,Blitman Residence Commons,NA
Person_190737753,Bray Hall,NA
Person_437782953,Barton Hall,NA
Person_123845719,Beman and Brinsmade,NA
Person_650840981,Cary Hall,NA
Person_438930008,Cary Hall,NA
Person_153398832,Blitman Residence Commons,NA
Person_933514608,Polytechnic Apartments,NA
Person_327560875,Barton Hall,NA
Person_032084829,Blitman Residence Commons,NA
Person_352137314,Cary Hall,NA
Person_654256664,Blitman Residence Commons,NA
Person_953520647,Beman and Brinsmade,NA
Person_478289624,Blitman Residence Commons,NA
Person_410342033,Bray Hall,NA
Person_206750602,City Station South,NA
Person_220575051,Polytechnic Apartments,NA
Person_066485285,Polytechnic Apartments,NA
Person_745307225,City Station South,NA
Person_751884288,Bray Hall,NA
Person_740890647,Barton Hall,NA
Person_764855918,Cary Hall,NA
Person_216610793,Barton Hall,NA
Person_865961137,Bray Hall,NA
Person_410204226,Polytechnic Apartments,NA
Person_850366857,Bray Hall,NA
Person_177438808,Blitman Residence Commons,NA
Person_441736957,Bray Hall,NA
Person_442164131,Barton Hall,NA
Person_939204558,City Station South,NA
Person_670837791,Barton Hall,NA
Person_800783229,Blitman Residence Commons,NA
Person_257098431,Cary Hall,NA
Person_936161415,Beman and Brinsmade,NA
Person_987597721,Bray Hall,NA
Person_649977511,Bray Hall,NA
Person_621178389,Blitman Residence Commons,NA
Person_598274772,Blitman Residence Commons,NA
Person_005145702,Bray Hall,NA
Person_372374179,Beman and Brinsmade,NA
Person_075524903,Polytechnic Apartments,NA
Person_010999472,Bray Hall,NA
Person_522605325,Bray Hall,NA
Person_801947984,Bray Hall,NA
Person_455966554,Bray Hall,NA
Person_023138277,Bray Hall,NA
Person_266729444,Bray Hall,NA
Person_699171074,Barton Hall,NA
Person_388568886,Polytechnic Apartments,NA
Person_451319748,City Station South,NA
Person_419345248,Beman and Brinsmade,NA
Person_690492166,Barton Hall,NA
Person_277802431,Barton Hall,NA
Person_176639872,Beman and Brinsmade,NA
Person_936951193,City Station South,NA
Person_661493871,Blitman Residence Commons,NA
Person_857396289,City Station South,NA
Person_254970644,Beman and Brinsmade,NA
Person_119471044,City Station South,NA
Person_494677386,Polytechnic Apartments,NA
Person_194114990,Bray Hall,NA
Person_204805252,Blitman Residence Commons,NA
Person_293243791,Cary Hall,NA
Person_776282791,Barton Hall,NA
Person_372277120,Blitman Residence Commons,NA
Person_828358874,City Station South,NA
Person_922589542,Blitman Residence Commons,NA
Person_037899993,Bray Hall,NA
Person_962337174,Barton Hall,NA
Person_649799167,Bray Hall,NA
Person_234658303,Beman and Brinsmade,NA
Person_342691337,Blitman Residence Commons,NA
Person_135447667,Polytechnic Apartments,NA
Person_038269349,Blitman Residence Commons,NA
Person_736047974,Beman and Brinsmade,NA
Person_999373780,Bray Hall,NA
Person_767357656,Blitman Residence Commons,NA
Person_973484621,City Station South,NA
Person_828063860,City Station South,NA
Person_894811813,Bray Hall,NA
Person_905291490,Barton Hall,NA
Person_572969033,Cary Hall,NA
Person_817767084,Blitman Residence Commons,NA
Person_595452678,Blitman Residence Commons,NA
Person_640120980,Barton Hall,NA
Person_588662734,Polytechnic Apartments,NA
Person_314787970,Cary Hall,NA
Person_607905433,City Station South,NA
Person_580300808,City Station South,NA
Person_340166556,Polytechnic Apartments,NA
Person_347743967,City Station South,NA
Person_155816159,Blitman Residence Commons,NA
Person_744129138,Blitman Residence Commons,NA
Person_131426244,Blitman Residence Commons,NA
Person_335117990,Blitman Residence Commons,NA
Person_911704514,Bray Hall,NA
Person_253849940,Polytechnic Apartments,NA
Person_137245592,Blitman Residence Commons,NA
Person_428777312,Cary Hall,NA
Person_681930235,Blitman Residence Commons,NA
Person_150104733,Barton Hall,NA
Person_161899924,Beman and Brinsmade,NA
Person_401353546,Blitman Residence Commons,NA
Person_835223610,Cary Hall,NA
Person_296782343,Barton Hall,NA
Person_457478705,Bray Hall,NA
Person_002296888,Bray Hall,NA
Person_733130767,Beman and Brinsmade,NA
Person_520910519,Cary Hall,NA
Person_343900013,Blitman Residence Commons,NA
Person_739807790,Polytechnic Apartments,NA
Person_734300657,Barton Hall,NA
Person_710776097,Blitman Residence Commons,NA
Person_868912017,Blitman Residence Commons,NA
Person_777125239,Barton Hall,NA
Person_163171530,City Station South,NA
Person_811130007,City Station South,NA
Person_080811963,Polytechnic Apartments,NA
Person_566530225,City Station South,NA
Person_383658197,Cary Hall,NA
Person_860434492,Polytechnic Apartments,NA
Person_832333217,Cary Hall,NA
Person_287403102,Beman and Brinsmade,NA
Person_845315633,Blitman Residence Commons,NA
Person_984918289,Bray Hall,NA
Person_806264038,Bray Hall,NA
Person_286989663,Beman and Brinsmade,NA
Person_784476238,Beman and Brinsmade,NA
Person_963187758,City Station South,NA
Person_422612360,City Station South,NA
Person_947062585,Polytechnic Apartments,NA
Person_924360893,City Station South,NA
Person_404055178,Bray Hall,NA
Person_888087772,Blitman Residence Commons,NA
Person_406219090,Blitman Residence Commons,NA
Person_630952139,Barton Hall,NA
Person_532833762,Barton Hall,NA
Person_712967025,Beman and Brinsmade,NA
Person_163947436,Barton Hall,NA
Person_342105279,Bray Hall,NA
Person_090874198,Bray Hall,NA
Person_544678857,Barton Hall,NA
Person_472622002,City Station South,NA
Person_817112952,Polytechnic Apartments,NA
Person_733914690,Polytechnic Apartments,NA
Person_393957249,Blitman Residence Commons,NA
Person_452238853,Cary Hall,NA
Person_813673140,Barton Hall,NA
Person_796256354,Cary Hall,NA
Person_829190362,Blitman Residence Commons,NA
Person_619047277,Bray Hall,NA
Person_233933894,Blitman Residence Commons,NA
Person_782813139,Polytechnic Apartments,NA
Person_389569994,Blitman Residence Commons,NA
Person_437150698,Cary Hall,NA
Person_166441352,Polytechnic Apartments,NA
Person_579677302,Polytechnic Apartments,NA
Person_689551441,City Station South,NA
Person_625533936,Blitman Residence Commons,NA
Person_795916508,City Station South,NA
Person_773520562,Blitman Residence Commons,NA
Person_839208876,Beman and Brinsmade,NA
Person_556627279,City Station South,NA
Person_297866805,Blitman Residence Commons,NA
Person_988988157,Bray Hall,NA
Person_619264032,Cary Hall,NA
Person_301848853,Barton Hall,NA
Person_835836744,Beman and Brinsmade,NA
Person_784229178,Blitman Residence Commons,NA
Person_933385159,Polytechnic Apartments,NA
Person_301526461,Cary Hall,NA
Person_576217839,Cary Hall,NA
Person_013943442,Blitman Residence Commons,NA
Person_860763734,City Station South,NA
Person_714947006,Cary Hall,NA
Person_687627350,Blitman Residence Commons,NA
Person_508020479,Cary Hall,NA
Person_248201676,Cary Hall,NA
Person_718079219,Polytechnic Apartments,NA
Person_694909060,Barton Hall,NA
Person_803983227,Bray Hall,NA
Person_919953571,City Station South,NA
Person_567591519,Bray Hall,NA
Person_158244150,Blitman Residence Commons,NA
Person_795616585,Beman and Brinsmade,NA
Person_077756638,Blitman Residence Commons,NA
Person_567307409,Bray Hall,NA
Person_686979104,Blitman Residence Commons,NA
Person_197208768,Blitman Residence Commons,NA
Person_664310846,Polytechnic Apartments,NA
Person_840342761,City Station South,NA
Person_892675620,Bray Hall,NA
Person_324358958,Cary Hall,NA
Person_471294438,Blitman Residence Commons,NA
Person_452939971,Blitman Residence Commons,NA
Person_214452402,City Station South,NA
Person_413217804,Blitman Residence Commons,NA
Person_450365891,Barton Hall,NA
Person_187462356,Bray Hall,NA
Person_308401347,Bray Hall,NA
Person_856628990,Barton Hall,NA
Person_723255819,Beman and Brinsmade,NA
Person_744626243,Cary Hall,NA
Person_979232002,Polytechnic Apartments,NA
Person_436763904,Blitman Residence Commons,NA
Person_520544692,Bray Hall,NA
Person_647319825,Polytechnic Apartments,NA
Person_712172456,City Station South,NA
Person_230674801,City Station South,NA
Person_554089915,Polytechnic Apartments,NA
Person_520468139,Polytechnic Apartments,NA
Person_178232410,Blitman Residence Commons,NA
Person_988215962,Bray Hall,NA
Person_478432800,Barton Hall,NA
Person_109703391,Bray Hall,NA
Person_694865457,Bray Hall,NA
Person_425865807,Polytechnic Apartments,NA
Person_348496369,Polytechnic Apartments,NA
Person_465997124,Blitman Residence Commons,NA
Person_543879618,City Station South,NA
Person_833803276,Blitman Residence Commons,NA
Person_744947220,Barton Hall,NA
Person_088177109,Cary Hall,NA
Person_899680600,Polytechnic Apartments,NA
Person_329128943,Bray Hall,NA
Person_301548715,Beman and Brinsmade,NA
Person_961829787,Cary Hall,NA
Person_773576171,Polytechnic Apartments,NA
Person_341180691,Cary Hall,NA
Person_309450749,Beman and Brinsmade,NA
Person_527098345,Bray Hall,NA
Person_959446874,Blitman Residence Commons,NA
Person_645024335,Cary Hall,NA
Person_573497021,Polytechnic Apartments,NA
Person_940813665,Polytechnic Apartments,NA
Person_789731112,Beman and Brinsmade,NA
Person_431101540,Blitman Residence Commons,NA
Person_234979818,Polytechnic Apartments,NA
Person_980476446,City Station South,NA
Person_670561345,Blitman Residence Commons,NA
Person_740985242,Bray Hall,NA
Person_635285644,City Station South,NA
Person_250127419,City Station South,NA
Person_785991316,City Station South,NA
Person_034478361,Barton Hall,NA
Person_283668422,Bray Hall,NA
Person_565395061,City Station South,NA
Person_701617621,Beman and Brinsmade,NA
Person_319900016,Cary Hall,NA
Person_403986995,Blitman Residence Commons,NA
Person_873577530,Bray Hall,NA
Person_952541531,City Station South,NA
Person_724730597,Blitman Residence Commons,NA
Person_159744200,City Station South,NA
Person_384554455,Barton Hall,NA
Person_474874520,Beman and Brinsmade,NA
Person_875973235,Barton Hall,NA
Person_177234510,Bray Hall,NA
Person_158613537,Bray Hall,NA
Person_041883709,Cary Hall,NA
Person_631299980,Bray Hall,NA
Person_601702659,City Station South,NA
Person_591035471,Polytechnic Apartments,NA
Person_983774263,Cary Hall,NA
Person_948554592,Barton Hall,NA
Person_687967714,Bray Hall,NA
Person_145562795,Polytechnic Apartments,NA
Person_214778942,Cary Hall,NA
Person_506352450,Beman and Brinsmade,NA
Person_803627296,Cary Hall,NA
Person_150184734,Blitman Residence Commons,NA
Person_670552737,Barton Hall,NA
Person_138266933,Cary Hall,NA
Person_037989011,Cary Hall,NA
Person_502211285,Polytechnic Apartments,NA
Person_059460046,Bray Hall,NA
Person_581997798,Bray Hall,NA
Person_287582992,Polytechnic Apartments,NA
Person_402622688,Polytechnic Apartments,NA
Person_234328450,Polytechnic Apartments,NA
Person_353454751,Barton Hall,NA
Person_307625988,Polytechnic Apartments,NA
Person_745128012,City Station South,NA
Person_106029273,Blitman Residence Commons,NA
Person_770147711,Bray Hall,NA
Person_123549964,Polytechnic Apartments,NA
Person_233341744,City Station South,NA
Person_694682254,Beman and Brinsmade,NA
Person_385769451,Barton Hall,NA
Person_829253517,Polytechnic Apartments,NA
Person_434852740,Beman and Brinsmade,NA
Person_494600843,Beman and Brinsmade,NA
Person_894444820,City Station South,NA
Person_626299050,Beman and Brinsmade,NA
Person_851658288,Blitman Residence Commons,NA
Person_988802139,City Station South,NA
Person_616934712,Bray Hall,NA
Person_832838336,Polytechnic Apartments,NA
Person_159438149,City Station South,NA
Person_248232343,Bray Hall,NA
Person_754967558,Beman and Brinsmade,NA
Person_312270151,City Station South,NA
Person_603908687,Polytechnic Apartments,NA
Person_434432584,Cary Hall,NA
Person_035133933,Bray Hall,NA
Person_233173633,Bray Hall,NA
Person_666535315,Polytechnic Apartments,NA
Person_678298924,Blitman Residence Commons,NA
Person_670021595,Cary Hall,NA
Person_825054809,Beman and Brinsmade,NA
Person_376907080,City Station South,NA
Person_473616335,Beman and Brinsmade,NA
Person_072831688,City Station South,NA
Person_214353949,Blitman Residence Commons,NA
Person_000276179,Barton Hall,NA
Person_283061301,City Station South,NA
Person_190443302,Barton Hall,NA
Person_603640175,Cary Hall,NA
Person_383002814,Polytechnic Apartments,NA
Person_165401410,City Station South,NA
Person_855819239,Polytechnic Apartments,NA
Person_993354090,Barton Hall,NA
Person_686037195,Bray Hall,NA
Person_034914821,Bray Hall,NA
Person_786963960,Beman and Brinsmade,NA
Person_874764366,Polytechnic Apartments,NA
Person_743370593,Beman and Brinsmade,NA
Person_502991814,Beman and Brinsmade,NA
Person_700978856,Bray Hall,NA
Person_083059506,Cary Hall,NA
Person_547579243,Polytechnic Apartments,NA
Person_334032148,Beman and Brinsmade,NA
Person_748530251,Cary Hall,NA
Person_658792089,Beman and Brinsmade,NA
Person_390333497,Cary Hall,NA
Person_033139896,Blitman Residence Commons,NA
Person_989626792,Beman and Brinsmade,NA
Person_978875350,Polytechnic Apartments,NA
Person_824633096,Barton Hall,NA
Person_895351706,Cary Hall,NA
Person_949760976,Bray Hall,NA
Person_597177654,Cary Hall,NA
Person_753573968,Cary Hall,NA
Person_751277184,Barton Hall,NA
Person_019267997,Cary Hall,NA
Person_421592176,Blitman Residence Commons,NA
Person_107859042,City Station South,NA
Person_969221587,Beman and Brinsmade,NA
Person_371663809,Beman and Brinsmade,NA
Person_802154865,Beman and Brinsmade,NA
Person_399690451,Polytechnic Apartments,NA
Person_794141201,Polytechnic Apartments,NA
Person_720261016,Cary Hall,NA
Person_014357837,Polytechnic Apartments,NA
Person_714710073,Beman and Brinsmade,NA
Person_364498638,Bray Hall,NA
Person_252971234,Polytechnic Apartments,NA
Person_745646046,Polytechnic Apartments,NA
Person_961106764,City Station South,NA
Person_435615327,Polytechnic Apartments,NA
Person_468673850,Bray Hall,NA
Person_021071240,City Station South,NA
Person_675013249,City Station South,NA
Person_333382326,Beman and Brinsmade,NA
Person_145755933,Bray Hall,NA
Person_785801500,Blitman Residence Commons,NA
Person_347472470,Blitman Residence Commons,NA
Person_543158487,Polytechnic Apartments,NA
Person_755768376,Beman and Brinsmade,NA
Person_720961966,Bray Hall,NA
Person_281809138,Polytechnic Apartments,NA
Person_827889078,Bray Hall,NA
Person_777108423,Barton Hall,NA
Person_137174255,Cary Hall,NA
Person_555784628,Cary Hall,NA
Person_478607232,Beman and Brinsmade,NA
Person_634674408,City Station South,NA
Person_864304781,Bray Hall,NA
Person_203800633,Cary Hall,NA
Person_310221306,Blitman Residence Commons,NA
Person_395245155,Cary Hall,NA
Person_043211908,Cary Hall,NA
Person_036131838,Barton Hall,NA
Person_937370797,Blitman Residence Commons,NA
Person_327729985,Beman and Brinsmade,NA
Person_466634069,Barton Hall,NA
Person_759317371,Polytechnic Apartments,NA
Person_209415915,Polytechnic Apartments,NA
Person_757738395,Blitman Residence Commons,NA
Person_869636511,Bray Hall,NA
Person_133116080,Blitman Residence Commons,NA
Person_813272878,City Station South,NA
Person_126952344,City Station South,NA
Person_210036488,Polytechnic Apartments,NA
Person_371208546,Beman and Brinsmade,NA
Person_017489430,Beman and Brinsmade,NA
Person_235251519,Polytechnic Apartments,NA
Person_760451879,City Station South,NA
Person_601124162,Barton Hall,NA
Person_575887236,City Station South,NA
Person_200894301,Blitman Residence Commons,NA
Person_668654709,Polytechnic Apartments,NA
Person_335565546,Polytechnic Apartments,NA
Person_048425055,Cary Hall,NA
Person_251700760,Beman and Brinsmade,NA
Person_852681581,Polytechnic Apartments,NA
Person_080803753,Bray Hall,NA
Person_500665411,Beman and Brinsmade,NA
Person_506782317,City Station South,NA
Person_850526119,Barton Hall,NA
Person_554910989,City Station South,NA
Person_208091277,Polytechnic Apartments,NA
Person_885814984,City Station South,NA
Person_870404234,Beman and Brinsmade,NA
Person_942966077,Barton Hall,NA
Person_879237903,Barton Hall,NA
Person_999594680,Cary Hall,NA
Person_250239736,City Station South,NA
Person_718950578,Barton Hall,NA
Person_571736900,Polytechnic Apartments,NA
Person_946115919,Barton Hall,NA
Person_054779895,Barton Hall,NA
Person_946054766,Cary Hall,NA
Person_577664350,Polytechnic Apartments,NA
Person_510680596,Cary Hall,NA
Person_791302661,Barton Hall,NA
Person_836004118,Cary Hall,NA
Person_280377484,City Station South,NA
Person_768972052,City Station South,NA
Person_498350943,Polytechnic Apartments,NA
Person_162098061,Cary Hall,NA
Person_640198215,Bray Hall,NA
Person_538525317,Blitman Residence Commons,NA
Person_292632408,City Station South,NA
Person_025876306,Polytechnic Apartments,NA
Person_325628022,Polytechnic Apartments,NA
Person_939849939,Blitman Residence Commons,NA
Person_835712577,Blitman Residence Commons,NA
Person_635016286,Cary Hall,NA
Person_001217929,Polytechnic Apartments,NA
Person_956050887,Polytechnic Apartments,NA
Person_110883255,Polytechnic Apartments,NA
Person_435964354,Blitman Residence Commons,NA
Person_860937475,City Station South,NA
Person_823432866,Bray Hall,NA
Person_060546384,Polytechnic Apartments,NA
Person_025736223,Blitman Residence Commons,NA
Person_853314920,Polytechnic Apartments,NA
Person_766896701,Cary Hall,NA
Person_016466838,City Station South,NA
Person_845945910,Bray Hall,NA
Person_212921907,Bray Hall,NA
Person_020360845,Cary Hall,NA
Person_666123495,Blitman Residence Commons,NA
Person_501220385,Cary Hall,NA
Person_889641959,Beman and Brinsmade,NA
Person_791825977,City Station South,NA
Person_875737711,Barton Hall,NA
Person_065219498,City Station South,NA
Person_135396223,City Station South,NA
Person_103485731,Barton Hall,NA
Person_566014724,City Station South,NA
Person_517568412,Polytechnic Apartments,NA
Person_152214414,City Station South,NA
Person_106741087,Polytechnic Apartments,NA
Person_318585253,Cary Hall,NA
Person_235259812,Polytechnic Apartments,NA
Person_456368715,City Station South,NA
Person_202811499,Cary Hall,NA
Person_949571259,City Station South,NA
Person_947677938,Beman and Brinsmade,NA
Person_509788705,Cary Hall,NA
Person_554691873,City Station South,NA
Person_325148067,Cary Hall,NA
Person_347841261,Polytechnic Apartments,NA
Person_091751159,Barton Hall,NA
Person_432461836,Blitman Residence Commons,NA
Person_561961087,Beman and Brinsmade,NA
Person_214916779,Polytechnic Apartments,NA
Person_782265889,Bray Hall,NA
Person_278444904,Barton Hall,NA
Person_373899811,Beman and Brinsmade,NA
Person_587586933,Cary Hall,NA
Person_680370597,Beman and Brinsmade,NA
Person_977292568,City Station South,NA
Person_886033640,Cary Hall,NA
Person_592812368,City Station South,NA
Person_426547879,Blitman Residence Commons,NA
Person_678594403,Cary Hall,NA
Person_486356782,Cary Hall,NA
Person_373083185,Polytechnic Apartments,NA
Person_867927540,City Station South,NA
Person_857663340,Polytechnic Apartments,NA
Person_230599825,Bray Hall,NA
Person_847740947,Barton Hall,NA
Person_013217545,Cary Hall,NA
Person_007728089,Beman and Brinsmade,NA
Person_721613117,Beman and Brinsmade,NA
Person_468604822,City Station South,NA
Person_461091465,City Station South,NA
Person_293894657,Polytechnic Apartments,NA
Person_035040694,Cary Hall,NA
Person_139934361,Polytechnic Apartments,NA
Person_572912352,Blitman Residence Commons,NA
Person_582836676,Beman and Brinsmade,NA
Person_528345889,Blitman Residence Commons,NA
Person_468344969,Barton Hall,NA
Person_065609654,City Station South,NA
Person_932370430,Bray Hall,NA
Person_558742226,Cary Hall,NA
Person_084423562,Blitman Residence Commons,NA
Person_764609194,Beman and Brinsmade,NA
Person_727443351,Cary Hall,NA
Person_682144607,Beman and Brinsmade,NA
Person_594197236,Bray Hall,NA
Person_989165938,Barton Hall,NA
Person_512060246,Beman and Brinsmade,NA
Person_828625676,Cary Hall,NA
Person_391898772,Cary Hall,NA
Person_992900636,City Station South,NA
Person_599046956,Polytechnic Apartments,NA
Person_141547422,City Station South,NA
Person_882253044,Cary Hall,NA
Person_837504504,Bray Hall,NA
Person_773469954,Barton Hall,NA
Person_250729276,City Station South,NA
Person_805485416,Polytechnic Apartments,NA
Person_739908599,Bray Hall,NA
Person_421423595,City Station South,NA
Person_661746199,Cary Hall,NA
Person_460212893,Blitman Residence Commons,NA
Person_111085962,Barton Hall,NA
Person_005411997,Barton Hall,NA
Person_045023652,Bray Hall,NA
Person_556296104,Bray Hall,NA
Person_425706975,Bray Hall,NA
Person_251561487,Cary Hall,NA
Person_203341608,Barton Hall,NA
Person_064719268,Bray Hall,NA
Person_097218632,Cary Hall,NA
Person_480468648,Cary Hall,NA
Person_530605705,Polytechnic Apartments,NA
Person_869974026,Cary Hall,NA
Person_044197057,Bray Hall,NA
Person_123688941,Cary Hall,NA
Person_845337860,Cary Hall,NA
Person_795779222,Barton Hall,NA
Person_564644849,Blitman Residence Commons,NA
Person_187912786,City Station South,NA
Person_382864663,Barton Hall,NA
Person_422338862,Blitman Residence Commons,NA
Person_103535226,City Station South,NA
Person_333801388,Barton Hall,NA
Person_394263596,City Station South,NA
Person_348886910,Polytechnic Apartments,NA
Person_868744227,Barton Hall,NA
Person_250444379,Blitman Residence Commons,NA
Person_261768862,Polytechnic Apartments,NA
Person_441620681,Blitman Residence Commons,NA
Person_076922619,Barton Hall,NA
Person_305065192,Beman and Brinsmade,NA
Person_067998153,City Station South,NA
Person_375223277,Bray Hall,NA
Person_105349353,Barton Hall,NA
Person_684242788,Polytechnic Apartments,NA
Person_035340289,Polytechnic Apartments,NA
Person_114063449,Cary Hall,NA
Person_367470941,Beman and Brinsmade,NA
Person_966004085,Beman and Brinsmade,NA
Person_152151830,Bray Hall,NA
Person_271563986,Barton Hall,NA
Person_961757409,Blitman Residence Commons,NA
Person_182967290,Barton Hall,NA
Person_597822423,Blitman Residence Commons,NA
Person_923490320,Blitman Residence Commons,NA
Person_405667445,Cary Hall,NA
Person_069258182,Cary Hall,NA
Person_445199219,Bray Hall,NA
Person_581906144,Barton Hall,NA
Person_117470952,City Station South,NA
Person_977295878,Cary Hall,NA
Person_353612783,Cary Hall,NA
Person_554423982,Polytechnic Apartments,NA
Person_246953705,City Station South,NA
Person_507754272,Polytechnic Apartments,NA
Person_090573622,Beman and Brinsmade,NA
Person_532075864,Cary Hall,NA
Person_860131392,Polytechnic Apartments,NA
Person_777194338,Cary Hall,NA
Person_866368367,Bray Hall,NA
Person_674737408,Blitman Residence Commons,NA
Person_343851886,Beman and Brinsmade,NA
Person_601770305,Cary Hall,NA
Person_254810235,Barton Hall,NA
Person_885096210,Beman and Brinsmade,NA
Person_067914908,Blitman Residence Commons,NA
Person_663880492,Blitman Residence Commons,NA
Person_183347393,Cary Hall,NA
Person_680164285,Beman and Brinsmade,NA
Person_301480691,Bray Hall,NA
Person_679509981,Bray Hall,NA
Person_434366158,Bray Hall,NA
Person_375137823,City Station South,NA
Person_823892703,Beman and Brinsmade,NA
Person_324679098,Polytechnic Apartments,NA
Person_260576097,Polytechnic Apartments,NA
Person_985588211,Polytechnic Apartments,NA
Person_818359638,Cary Hall,NA
Person_010935117,Cary Hall,NA
Person_843957248,Barton Hall,NA
Person_470317056,Beman and Brinsmade,NA
Person_162185776,Barton Hall,NA
Person_455046065,Blitman Residence Commons,NA
Person_687763581,Polytechnic Apartments,NA
Person_728742359,Bray Hall,NA
Person_099688872,Polytechnic Apartments,NA
Person_284557089,City Station South,NA
Person_755213850,City Station South,NA
Person_875852901,Barton Hall,NA
Person_142598147,Bray Hall,NA
Person_355176464,Cary Hall,NA
Person_780561337,City Station South,NA
Person_109007018,Cary Hall,NA
Person_551280452,Blitman Residence Commons,NA
Person_356848229,Barton Hall,NA
Person_170745926,Cary Hall,NA
Person_264685552,Blitman Residence Commons,NA
Person_524081864,Cary Hall,NA
Person_435449571,City Station South,NA
Person_786684517,Beman and Brinsmade,NA
Person_977960214,Barton Hall,NA
Person_767976594,Cary Hall,NA
Person_391411266,Blitman Residence Commons,NA
Person_947677837,Barton Hall,NA
Person_595481015,Polytechnic Apartments,NA
Person_755234415,Blitman Residence Commons,NA
Person_387607063,Cary Hall,NA
Person_535879966,Bray Hall,NA
Person_304756875,City Station South,NA
Person_841601108,Bray Hall,NA
Person_747184752,Blitman Residence Commons,NA
Person_514288306,City Station South,NA
Person_903103636,Barton Hall,NA
Person_223517520,Beman and Brinsmade,NA
Person_378469380,Polytechnic Apartments,NA
Person_585489271,Bray Hall,NA
Person_287109762,City Station South,NA
Person_379354401,Cary Hall,NA
Person_863011414,City Station South,NA
Person_843079312,Blitman Residence Commons,NA
Person_649437996,City Station South,NA
Person_665893035,Cary Hall,NA
Person_747286952,Blitman Residence Commons,NA
Person_574170887,City Station South,NA
Person_626420515,City Station South,NA
Person_628739168,Beman and Brinsmade,NA
Person_833871061,Barton Hall,NA
Person_861682784,Bray Hall,NA
Person_728386274,Blitman Residence Commons,NA
Person_476047677,Polytechnic Apartments,NA
Person_412357111,Barton Hall,NA
Person_918313826,Blitman Residence Commons,NA
Person_680177804,Polytechnic Apartments,NA
Person_066032670,Polytechnic Apartments,NA
Person_731447936,Blitman Residence Commons,NA
Person_489683179,Cary Hall,NA
Person_191713575,Bray Hall,NA
Person_508018769,Polytechnic Apartments,NA
Person_195210306,City Station South,NA
Person_919294490,Barton Hall,NA
Person_794133173,Beman and Brinsmade,NA
Person_364235154,City Station South,NA
Person_889794128,Blitman Residence Commons,NA
Person_994834367,Barton Hall,NA
Person_403704048,Polytechnic Apartments,NA
Person_346514811,Barton Hall,NA
Person_406520987,Polytechnic Apartments,NA
Person_276317120,Cary Hall,NA
Person_130395794,Polytechnic Apartments,NA
Person_159961305,Cary Hall,NA
Person_036119962,City Station South,NA
Person_490866640,Blitman Residence Commons,NA
Person_078050030,Beman and Brinsmade,NA
Person_789146309,Beman and Brinsmade,NA
Person_663304046,Beman and Brinsmade,NA
Person_692514889,Blitman Residence Commons,NA
Person_570857753,Barton Hall,NA
Person_775295709,Polytechnic Apartments,NA
Person_029167246,Polytechnic Apartments,NA
Person_676979069,Cary Hall,NA
Person_212928860,Bray Hall,NA
Person_894749503,Cary Hall,NA
Person_792630612,Barton Hall,NA
Person_948531367,Polytechnic Apartments,NA
Person_800262559,City Station South,NA
Person_535869684,Cary Hall,NA
Person_315549694,Blitman Residence Commons,NA
Person_888378725,Cary Hall,NA
Person_039808705,Beman and Brinsmade,NA
Person_657292692,Blitman Residence Commons,NA
Person_279853427,City Station South,NA
Person_624278447,Polytechnic Apartments,NA
Person_018565844,Polytechnic Apartments,NA
Person_172021313,Beman and Brinsmade,NA
Person_696707180,City Station South,NA
Person_577581056,Cary Hall,NA
Person_371440818,Blitman Residence Commons,NA
Person_186256896,Barton Hall,NA
Person_346946908,Cary Hall,NA
Person_052932728,City Station South,NA
Person_000986979,Bray Hall,NA
Person_637356532,Beman and Brinsmade,NA
Person_090074115,Beman and Brinsmade,NA
Person_915938571,Beman and Brinsmade,NA
Person_232896559,Beman and Brinsmade,NA
Person_239948541,Beman and Brinsmade,NA
Person_168127338,City Station South,NA
Person_966197739,City Station South,NA
Person_510315947,Cary Hall,NA
Person_450990030,Polytechnic Apartments,NA
Person_964319222,Polytechnic Apartments,NA
Person_942162640,Cary Hall,NA
Person_304179472,Polytechnic Apartments,NA
Person_841318348,Barton Hall,NA
Person_614781349,Barton Hall,NA
Person_015595921,Cary Hall,NA
Person_664187260,Blitman Residence Commons,NA
Person_569179423,Cary Hall,NA
Person_079698228,Polytechnic Apartments,NA
Person_871528076,Beman and Brinsmade,NA
Person_518396698,Beman and Brinsmade,NA
Person_086015370,Cary Hall,NA
Person_840878140,Beman and Brinsmade,NA
Person_169064913,Blitman Residence Commons,NA
Person_115780934,Polytechnic Apartments,NA
Person_041421022,Cary Hall,NA
Person_328082490,Beman and Brinsmade,NA
Person_317720524,City Station South,NA
Person_181676637,Blitman Residence Commons,NA
Person_915169810,City Station South,NA
Person_050466475,City Station South,NA
Person_249123505,Polytechnic Apartments,NA
Person_322149433,Beman and Brinsmade,NA
Person_240277123,Barton Hall,NA
Person_458562679,Blitman Residence Commons,NA
Person_654631447,Barton Hall,NA
Person_660006751,Beman and Brinsmade,NA
Person_184252980,City Station South,NA
Person_123879943,Bray Hall,NA
Person_053108741,Blitman Residence Commons,NA
Person_532083517,Cary Hall,NA
Person_320544338,Barton Hall,NA
Person_582622905,Barton Hall,NA
Person_247985908,Cary Hall,NA
Person_383214814,Blitman Residence Commons,NA
Person_378042573,Beman and Brinsmade,NA
Person_645953866,Polytechnic Apartments,NA
Person_843104920,Polytechnic Apartments,NA
Person_882900611,Blitman Residence Commons,NA
Person_007832032,Cary Hall,NA
Person_422910951,Blitman Residence Commons,NA
Person_410113357,Cary Hall,NA
Person_889921498,Beman and Brinsmade,NA
Person_064187585,Barton Hall,NA
Person_547524016,Blitman Residence Commons,NA
Person_626341385,Beman and Brinsmade,NA
Person_493954175,Bray Hall,NA
Person_814081675,Bray Hall,NA
Person_986962080,Beman and Brinsmade,NA
Person_043255129,Bray Hall,NA
Person_523800957,Polytechnic Apartments,NA
Person_466747343,Bray Hall,NA
Person_391891424,Blitman Residence Commons,NA
Person_509038682,Bray Hall,NA
Person_697539580,Beman and Brinsmade,NA
Person_430378837,Polytechnic Apartments,NA
Person_283221732,Beman and Brinsmade,NA
Person_153861520,Barton Hall,NA
Person_617849929,Barton Hall,NA
Person_258455326,Cary Hall,NA
Person_896529670,Polytechnic Apartments,NA
Person_289372288,Cary Hall,NA
Person_180253395,Beman and Brinsmade,NA
Person_987522285,Polytechnic Apartments,NA
Person_258516914,Beman and Brinsmade,NA
Person_966445611,Bray Hall,NA
Person_181115746,Blitman Residence Commons,NA
Person_460101391,Polytechnic Apartments,NA
Person_992311571,City Station South,NA
Person_332440374,City Station South,NA
Person_052307425,Beman and Brinsmade,NA
Person_152642790,Cary Hall,NA
Person_573074772,Beman and Brinsmade,NA
Person_428025913,Polytechnic Apartments,NA
Person_761185935,Barton Hall,NA
Person_954585749,Blitman Residence Commons,NA
Person_504851731,Cary Hall,NA
Person_730382400,Cary Hall,NA
Person_585523412,Beman and Brinsmade,NA
Person_651378881,Beman and Brinsmade,NA
Person_310466571,City Station South,NA
Person_912111405,Bray Hall,NA
Person_895508226,Barton Hall,NA
Person_940805688,Beman and Brinsmade,NA
Person_991259932,Cary Hall,NA
Person_068567578,Cary Hall,NA
Person_779839682,Blitman Residence Commons,NA
Person_699424997,Beman and Brinsmade,NA
Person_022943311,Cary Hall,NA
Person_927530797,Bray Hall,NA
Person_248861095,Cary Hall,NA
Person_683105082,Beman and Brinsmade,NA
Person_776310387,Polytechnic Apartments,NA
Person_935099687,Polytechnic Apartments,NA
Person_627414638,Beman and Brinsmade,NA
Person_681182619,Cary Hall,NA
Person_459079550,Cary Hall,NA
Person_410472089,Cary Hall,NA
Person_328088285,Bray Hall,NA
Person_640783900,City Station South,NA
Person_449145878,Barton Hall,NA
Person_624700667,Polytechnic Apartments,NA
Person_529359506,City Station South,NA
Person_676258168,Blitman Residence Commons,NA
Person_324907667,Cary Hall,NA
Person_991942872,City Station South,NA
Person_836292226,Blitman Residence Commons,NA
Person_546176157,Bray Hall,NA
Person_917989021,Blitman Residence Commons,NA
Person_117717150,Blitman Residence Commons,NA
Person_260619552,Polytechnic Apartments,NA
Person_004579720,Polytechnic Apartments,NA
Person_546536760,Polytechnic Apartments,NA
Person_822118402,Cary Hall,NA
Person_995584583,Blitman Residence Commons,NA
Person_056918615,Bray Hall,NA
Person_971465221,City Station South,NA
Person_757421636,Beman and Brinsmade,NA
Person_714165591,Beman and Brinsmade,NA
Person_962779211,Cary Hall,NA
Person_727105727,Bray Hall,NA
Person_060428565,Barton Hall,NA
Person_048694517,Cary Hall,NA
Person_239174418,Cary Hall,NA
Person_747583462,Cary Hall,NA
Person_934224529,Polytechnic Apartments,NA
Person_312836083,Beman and Brinsmade,NA
Person_963738912,Polytechnic Apartments,NA
Person_354154714,Bray Hall,NA
Person_970680946,Polytechnic Apartments,NA
Person_969891291,City Station South,NA
Person_842405560,Barton Hall,NA
Person_745983994,Polytechnic Apartments,NA
Person_650197429,City Station South,NA
Person_317720841,Barton Hall,NA
Person_373256945,Bray Hall,NA
Person_571835998,Cary Hall,NA
Person_507164190,Blitman Residence Commons,NA
Person_105137864,Cary Hall,NA
Person_354065955,Barton Hall,NA
Person_897286313,City Station South,NA
Person_919720321,Blitman Residence Commons,NA
Person_337203196,Bray Hall,NA
Person_902217581,Bray Hall,NA
Person_646811422,City Station South,NA
Person_467229809,Blitman Residence Commons,NA
Person_696404436,City Station South,NA
Person_403149101,Bray Hall,NA
Person_449967684,Barton Hall,NA
Person_314849580,Blitman Residence Commons,NA
Person_048026409,Beman and Brinsmade,NA
Person_190269247,Beman and Brinsmade,NA
Person_408332950,Polytechnic Apartments,NA
Person_121393688,Blitman Residence Commons,NA
Person_723978323,Bray Hall,NA
Person_436194386,City Station South,NA
Person_591187318,Bray Hall,NA
Person_213644588,Beman and Brinsmade,NA
Person_453393701,Beman and Brinsmade,NA
Person_428570097,Beman and Brinsmade,NA
Person_838512105,Blitman Residence Commons,NA
Person_651672481,City Station South,NA
Person_452216706,Polytechnic Apartments,NA
Person_216822130,Beman and Brinsmade,NA
Person_565729459,Polytechnic Apartments,NA
Person_113164935,Barton Hall,NA
Person_072960426,City Station South,NA
Person_255964129,City Station South,NA
Person_159560063,Bray Hall,NA
Person_735483704,Polytechnic Apartments,NA
Person_243853976,Cary Hall,NA
Person_882073485,Barton Hall,NA
Person_003272516,City Station South,NA
Person_984685808,Barton Hall,NA
Person_667023639,City Station South,NA
Person_207806855,Barton Hall,NA
Person_115808564,Cary Hall,NA
Person_946693833,Barton Hall,NA
Person_080067708,Blitman Residence Commons,NA
Person_570582612,City Station South,NA
Person_925506179,Cary Hall,NA
Person_852098778,Bray Hall,NA
Person_067802268,Blitman Residence Commons,NA
Person_020427752,Bray Hall,NA
Person_764660223,Polytechnic Apartments,NA
Person_998750383,Barton Hall,NA
Person_262067685,Bray Hall,NA
Person_702033924,Beman and Brinsmade,NA
Person_741068093,Bray Hall,NA
Person_529068594,Polytechnic Apartments,NA
Person_604116681,Cary Hall,NA
Person_163490757,Blitman Residence Commons,NA
Person_239835261,Beman and Brinsmade,NA
Person_793073823,Blitman Residence Commons,NA
Person_559030977,City Station South,NA
Person_667434969,Beman and Brinsmade,NA
Person_464359902,City Station South,NA
Person_892659674,City Station South,NA
Person_561846834,Beman and Brinsmade,NA
Person_064816192,Cary Hall,NA
Person_993761543,Polytechnic Apartments,NA
Person_023193282,Blitman Residence Commons,NA
Person_135102416,Beman and Brinsmade,NA
Person_966751470,Cary Hall,NA
Person_936138598,Beman and Brinsmade,NA
Person_281620234,Polytechnic Apartments,NA
Person_780795965,Bray Hall,NA
Person_197264605,Polytechnic Apartments,NA
Person_538414851,City Station South,NA
Person_839896080,Cary Hall,NA
Person_738460619,Blitman Residence Commons,NA
Person_748303428,Cary Hall,NA
Person_791807653,Blitman Residence Commons,NA
Person_622648025,Polytechnic Apartments,NA
Person_020902601,Cary Hall,NA
Person_534188033,City Station South,NA
Person_611324720,Polytechnic Apartments,NA
Person_238397016,Polytechnic Apartments,NA
Person_308193348,Bray Hall,NA
Person_372337253,Barton Hall,NA
Person_284179570,Blitman Residence Commons,NA
Person_806423125,Polytechnic Apartments,NA
Person_623842014,City Station South,NA
Person_170953918,Bray Hall,NA
Person_381317019,Polytechnic Apartments,NA
Person_923895019,Polytechnic Apartments,NA
Person_431298274,Bray Hall,NA
Person_804505637,Polytechnic Apartments,NA
Person_430704413,Cary Hall,NA
Person_079468199,Cary Hall,NA
Person_545730481,Beman and Brinsmade,NA
Person_046880230,Bray Hall,NA
Person_446813771,Bray Hall,NA
Person_271887263,Beman and Brinsmade,NA
Person_688992933,Polytechnic Apartments,NA
Person_483426134,Polytechnic Apartments,NA
Person_923145002,Polytechnic Apartments,NA
Person_849358375,Cary Hall,NA
Person_457353491,Cary Hall,NA
Person_527533344,Cary Hall,NA
Person_862466621,Beman and Brinsmade,NA
Person_142299979,Blitman Residence Commons,NA
Person_744422970,City Station South,NA
Person_322103547,Bray Hall,NA
Person_072368229,Barton Hall,NA
Person_159288831,Polytechnic Apartments,NA
Person_074162141,City Station South,NA
Person_606936849,Bray Hall,NA
Person_629199654,City Station South,NA
Person_270063188,Blitman Residence Commons,NA
Person_109331202,Barton Hall,NA
Person_307032011,Beman and Brinsmade,NA
Person_280036837,City Station South,NA
Person_552691444,Polytechnic Apartments,NA
Person_700551893,Bray Hall,NA
Person_438284383,Cary Hall,NA
Person_648673637,Cary Hall,NA
Person_588751611,Blitman Residence Commons,NA
Person_777623177,Barton Hall,NA
Person_750149878,Cary Hall,NA
Person_026207151,Barton Hall,NA
Person_842936264,Beman and Brinsmade,NA
Person_914013450,Beman and Brinsmade,NA
Person_098699520,Blitman Residence Commons,NA
Person_124551258,Polytechnic Apartments,NA
Person_435283877,Cary Hall,NA
Person_477073441,Cary Hall,NA
Person_996006141,Polytechnic Apartments,NA
Person_468469057,Blitman Residence Commons,NA
Person_906907914,Cary Hall,NA
Person_270037078,Beman and Brinsmade,NA
Person_461416756,Cary Hall,NA
Person_811777399,Blitman Residence Commons,NA
Person_839314495,Polytechnic Apartments,NA
Person_467414219,Barton Hall,NA
Person_997441692,Cary Hall,NA
Person_334289375,Beman and Brinsmade,NA
Person_433281643,Blitman Residence Commons,NA
Person_967506069,Blitman Residence Commons,NA
Person_109582023,Barton Hall,NA
Person_188212240,Cary Hall,NA
Person_936862967,Blitman Residence Commons,NA
Person_368922237,Polytechnic Apartments,NA
Person_641368418,Barton Hall,NA
Person_173757460,Bray Hall,NA
Person_884229238,Blitman Residence Commons,NA
Person_120177979,Polytechnic Apartments,NA
Person_746743294,Bray Hall,NA
Person_163130708,Polytechnic Apartments,NA
Person_169074744,Bray Hall,NA
Person_269094985,Beman and Brinsmade,NA
Person_633062059,Cary Hall,NA
Person_340894814,Cary Hall,NA
Person_142833891,Barton Hall,NA
Person_008206180,Barton Hall,NA
Person_847250258,Beman and Brinsmade,NA
Person_086015488,Blitman Residence Commons,NA
Person_192770905,Cary Hall,NA
Person_779166416,Barton Hall,NA
Person_456042131,Polytechnic Apartments,NA
Person_732800843,Cary Hall,NA
Person_530168740,Beman and Brinsmade,NA
Person_174056692,Barton Hall,NA
Person_317801934,Polytechnic Apartments,NA
Person_024566794,Bray Hall,NA
Person_659928179,Beman and Brinsmade,NA
Person_258985190,Cary Hall,NA
Person_394287340,Polytechnic Apartments,NA
Person_046368400,Cary Hall,NA
Person_162169364,City Station South,NA
Person_532159359,Bray Hall,NA
Person_500074953,Blitman Residence Commons,NA
Person_163164667,Polytechnic Apartments,NA
Person_563194218,Bray Hall,NA
Person_904285508,Barton Hall,NA
Person_296816183,City Station South,NA
Person_987243363,Bray Hall,NA
Person_605380182,City Station South,NA
Person_103092967,Beman and Brinsmade,NA
Person_994255926,Cary Hall,NA
Person_504569591,Blitman Residence Commons,NA
Person_552620662,Beman and Brinsmade,NA
Person_635474641,Bray Hall,NA
Person_599331462,Bray Hall,NA
Person_776265561,Bray Hall,NA
Person_698859608,Barton Hall,NA
Person_279795649,City Station South,NA
Person_919149334,Barton Hall,NA
Person_317597210,Cary Hall,NA
Person_076727039,Cary Hall,NA
Person_810299684,Beman and Brinsmade,NA
Person_480916556,Polytechnic Apartments,NA
Person_725047749,Cary Hall,NA
Person_308735450,City Station South,NA
Person_284674350,Blitman Residence Commons,NA
Person_780886062,Blitman Residence Commons,NA
Person_600813729,Cary Hall,NA
Person_246339394,Barton Hall,NA
Person_337957949,Cary Hall,NA
Person_776548022,City Station South,NA
Person_351685465,Polytechnic Apartments,NA
Person_639374424,Beman and Brinsmade,NA
Person_709826133,Cary Hall,NA
Person_193775833,Blitman Residence Commons,NA
Person_607098481,City Station South,NA
Person_206980971,Beman and Brinsmade,NA
Person_794470755,City Station South,NA
Person_816619197,Blitman Residence Commons,NA
Person_716797592,Blitman Residence Commons,NA
Person_897186724,Bray Hall,NA
Person_289520570,Beman and Brinsmade,NA
Person_485740115,Cary Hall,NA
Person_670588807,Beman and Brinsmade,NA
Person_816190346,Bray Hall,NA
Person_193527199,Blitman Residence Commons,NA
Person_915643847,Polytechnic Apartments,NA
Person_290085953,Polytechnic Apartments,NA
Person_826600069,Polytechnic Apartments,NA
Person_194203605,Barton Hall,NA
Person_896863021,Polytechnic Apartments,NA
Person_520506658,Cary Hall,NA
Person_265191906,Polytechnic Apartments,NA
Person_891743117,Beman and Brinsmade,NA
Person_041345575,Polytechnic Apartments,NA
Person_043892543,Cary Hall,NA
Person_887305214,Beman and Brinsmade,NA
Person_129785156,Bray Hall,NA
Person_512069632,Polytechnic Apartments,NA
Person_553716073,Bray Hall,NA
Person_395887170,Polytechnic Apartments,NA
Person_108737705,Beman and Brinsmade,NA
Person_052596424,Barton Hall,NA
Person_241619255,City Station South,NA
Person_132278453,Bray Hall,NA
Person_406528086,Bray Hall,NA
Person_823039515,Cary Hall,NA
Person_077907344,Barton Hall,NA
Person_266906082,Bray Hall,NA
Person_316738664,Blitman Residence Commons,NA
Person_564527117,City Station South,NA
Person_228775695,City Station South,NA
Person_678890205,City Station South,NA
Person_542691782,Polytechnic Apartments,NA
Person_638447938,Polytechnic Apartments,NA
Person_126483577,Blitman Residence Commons,NA
Person_208733324,Bray Hall,NA
Person_677807083,Beman and Brinsmade,NA
Person_293748814,Polytechnic Apartments,NA
Person_482232951,Cary Hall,NA
Person_463581482,Beman and Brinsmade,NA
Person_565056669,Blitman Residence Commons,NA
Person_180475586,Beman and Brinsmade,NA
Person_154431639,Beman and Brinsmade,NA
Person_081779019,Blitman Residence Commons,NA
Person_737192189,Cary Hall,NA
Person_544527136,Cary Hall,NA
Person_275431685,Blitman Residence Commons,NA
Person_957301960,Bray Hall,NA
Person_501930201,City Station South,NA
Person_190491395,Barton Hall,NA
Person_982363622,City Station South,NA
Person_523800521,Bray Hall,NA
Person_992534390,Polytechnic Apartments,NA
Person_326656441,Blitman Residence Commons,NA
Person_079598278,Barton Hall,NA
Person_389702120,Cary Hall,NA
Person_053936857,Barton Hall,NA
Person_356116915,Cary Hall,NA
Person_718162135,Bray Hall,NA
Person_481798906,Blitman Residence Commons,NA
Person_137525644,Beman and Brinsmade,NA
Person_534181006,Barton Hall,NA
Person_704361667,City Station South,NA
Person_040121766,Polytechnic Apartments,NA
Person_117412226,Barton Hall,NA
Person_702004348,Bray Hall,NA
Person_058771316,Bray Hall,NA
Person_111907503,Polytechnic Apartments,NA
Person_305693489,Polytechnic Apartments,NA
Person_415030513,Cary Hall,NA
Person_979906438,Polytechnic Apartments,NA
Person_278743173,Bray Hall,NA
Person_889028817,Beman and Brinsmade,NA
Person_049371659,Blitman Residence Commons,NA
Person_184613565,Blitman Residence Commons,NA
Person_238252605,City Station South,NA
Person_878185953,Bray Hall,NA
Person_439851853,Blitman Residence Commons,NA
Person_770584521,Beman and Brinsmade,NA
Person_575683715,Beman and Brinsmade,NA
Person_850872903,City Station South,NA
Person_778092371,Polytechnic Apartments,NA
Person_173873610,City Station South,NA
Person_265054442,Blitman Residence Commons,NA
Person_921199264,Blitman Residence Commons,NA
Person_229922038,Polytechnic Apartments,NA
Person_911487719,Cary Hall,NA
Person_747678355,Blitman Residence Commons,NA
Person_603368583,Cary Hall,NA
Person_275197962,City Station South,NA
Person_990948376,Bray Hall,NA
Person_942953130,Barton Hall,NA
Person_510129335,Polytechnic Apartments,NA
Person_141628988,City Station South,NA
Person_991320910,Barton Hall,NA
Person_917859368,Bray Hall,NA
Person_236394310,Barton Hall,NA
Person_363748658,Beman and Brinsmade,NA
Person_256582771,City Station South,NA
Person_026359306,City Station South,NA
Person_110782205,Blitman Residence Commons,NA
Person_837803981,Beman and Brinsmade,NA
Person_827529497,Bray Hall,NA
Person_747842660,Beman and Brinsmade,NA
Person_080487606,Beman and Brinsmade,NA
Person_675228158,Beman and Brinsmade,NA
Person_242704765,Polytechnic Apartments,NA
Person_841865844,Polytechnic Apartments,NA
Person_569529783,Blitman Residence Commons,NA
Person_777627440,Bray Hall,NA
Person_287212450,Bray Hall,NA
Person_090692659,City Station South,NA
Person_782153505,Blitman Residence Commons,NA
Person_500606780,City Station South,NA
Person_214231964,Barton Hall,NA
Person_630010569,Beman and Brinsmade,NA
Person_428369319,Barton Hall,NA
Person_310996822,Barton Hall,NA
Person_669410880,City Station South,NA
Person_858320840,Cary Hall,NA
Person_219320439,Cary Hall,NA
Person_332623401,City Station South,NA
Person_876108323,Blitman Residence Commons,NA
Person_667696686,Barton Hall,NA
Person_811520628,Bray Hall,NA
Person_623151298,Beman and Brinsmade,NA
Person_783799119,City Station South,NA
Person_371130915,Blitman Residence Commons,NA
Person_867657710,Polytechnic Apartments,NA
Person_424051360,Blitman Residence Commons,NA
Person_133242818,Bray Hall,NA
Person_933976399,Cary Hall,NA
Person_955663619,Polytechnic Apartments,NA
Person_408747193,Blitman Residence Commons,NA
Person_361405265,Blitman Residence Commons,NA
Person_829363395,Barton Hall,NA
Person_093729915,Blitman Residence Commons,NA
Person_572412741,Polytechnic Apartments,NA
Person_344683885,Barton Hall,NA
Person_310839610,Beman and Brinsmade,NA
Person_313829537,Barton Hall,NA
Person_640861723,Polytechnic Apartments,NA
Person_116074113,Polytechnic Apartments,NA
Person_891237853,Barton Hall,NA
Person_472285648,Bray Hall,NA
Person_640644044,Cary Hall,NA
Person_360249362,City Station South,NA
Person_825881211,Blitman Residence Commons,NA
Person_701025532,Polytechnic Apartments,NA
Person_438286877,City Station South,NA
Person_747682334,Blitman Residence Commons,NA
Person_651572611,Barton Hall,NA
Person_392479118,Cary Hall,NA
Person_790760954,Blitman Residence Commons,NA
Person_808077001,Polytechnic Apartments,NA
Person_140791106,Beman and Brinsmade,NA
Person_351182490,Polytechnic Apartments,NA
Person_814776603,Blitman Residence Commons,NA
Person_701785892,City Station South,NA
Person_397194136,City Station South,NA
Person_866547177,Beman and Brinsmade,NA
Person_128617172,Blitman Residence Commons,NA
Person_323611527,Blitman Residence Commons,NA
Person_931688039,Bray Hall,NA
Person_069639000,Barton Hall,NA
Person_252737891,Beman and Brinsmade,NA
Person_796463767,Polytechnic Apartments,NA
Person_332478666,Bray Hall,NA
Person_111912577,Barton Hall,NA
Person_310174162,Polytechnic Apartments,NA
Person_707549475,Blitman Residence Commons,NA
Person_150167282,Blitman Residence Commons,NA
Person_386308903,Cary Hall,NA
Person_757150954,City Station South,NA
Person_925513606,Bray Hall,NA
Person_101203140,Bray Hall,NA
Person_384121699,Barton Hall,NA
Person_045028587,Barton Hall,NA
Person_859003648,Bray Hall,NA
Person_856433234,Blitman Residence Commons,NA
Person_468838610,Blitman Residence Commons,NA
Person_242232758,Cary Hall,NA
Person_718891896,Blitman Residence Commons,NA
Person_393030451,Bray Hall,NA
Person_220041821,Bray Hall,NA
Person_732354259,Cary Hall,NA
Person_866767645,Cary Hall,NA
Person_981995659,Barton Hall,NA
Person_400751338,City Station South,NA
Person_215998275,Beman and Brinsmade,NA
Person_130432660,City Station South,NA
Person_230534823,Beman and Brinsmade,NA
Person_928136555,Bray Hall,NA
Person_204089545,Barton Hall,NA
Person_907665341,City Station South,NA
Person_520673310,Cary Hall,NA
Person_630293511,Polytechnic Apartments,NA
Person_333870381,City Station South,NA
Person_718126638,Blitman Residence Commons,NA
Person_845390048,Bray Hall,NA
Person_543611130,City Station South,NA
Person_201537733,Beman and Brinsmade,NA
Person_507478165,Blitman Residence Commons,NA
Person_753720009,Barton Hall,NA
Person_723390239,Barton Hall,NA
Person_438837129,Barton Hall,NA
Person_880159366,Beman and Brinsmade,NA
Person_116100290,Polytechnic Apartments,NA
Person_073899011,Blitman Residence Commons,NA
Person_856518633,Cary Hall,NA
Person_989896893,City Station South,NA
Person_725328257,Polytechnic Apartments,NA
Person_608390432,City Station South,NA
Person_607783593,Bray Hall,NA
Person_594859326,City Station South,NA
Person_835539574,Beman and Brinsmade,NA
Person_930637157,Barton Hall,NA
Person_222414609,Bray Hall,NA
Person_590953046,Polytechnic Apartments,NA
Person_457906994,Polytechnic Apartments,NA
Person_144769377,Beman and Brinsmade,NA
Person_841553910,Barton Hall,NA
Person_149877528,Beman and Brinsmade,NA
Person_087316890,Barton Hall,NA
Person_786943548,Beman and Brinsmade,NA
Person_227591999,Beman and Brinsmade,NA
Person_487243280,Cary Hall,NA
Person_064557013,Polytechnic Apartments,NA
Person_518861980,Blitman Residence Commons,NA
Person_110177679,Bray Hall,NA
Person_402377583,Barton Hall,NA
Person_182542894,Barton Hall,NA
Person_969814464,Polytechnic Apartments,NA
Person_398100930,City Station South,NA
Person_997882570,Beman and Brinsmade,NA
Person_787633070,Bray Hall,NA
Person_590035363,Barton Hall,NA
Person_982672654,Bray Hall,NA
Person_790922928,Polytechnic Apartments,NA
Person_442915846,Cary Hall,NA
Person_818903782,Blitman Residence Commons,NA
Person_677935271,Polytechnic Apartments,NA
Person_857616619,Blitman Residence Commons,NA
Person_731726091,Beman and Brinsmade,NA
Person_067411195,Beman and Brinsmade,NA
Person_487826322,Polytechnic Apartments,NA
Person_134155065,City Station South,NA
Person_121769123,Polytechnic Apartments,NA
Person_351968924,Beman and Brinsmade,NA
Person_623532851,Cary Hall,NA
Person_463247042,Barton Hall,NA
Person_797086149,Cary Hall,NA
Person_669554879,Polytechnic Apartments,NA
Person_975739916,Polytechnic Apartments,NA
Person_938169014,Polytechnic Apartments,NA
Person_963435898,Polytechnic Apartments,NA
Person_599905401,City Station South,NA
Person_506542006,City Station South,NA
Person_573889414,Beman and Brinsmade,NA
Person_288448200,Barton Hall,NA
Person_432311600,Blitman Residence Commons,NA
Person_341961100,Cary Hall,NA
Person_723868249,Cary Hall,NA
Person_316134967,Blitman Residence Commons,NA
Person_025678448,Blitman Residence Commons,NA
Person_682271873,Barton Hall,NA
Person_499029221,City Station South,NA
Person_105141338,Beman and Brinsmade,NA
Person_638214760,Bray Hall,NA
Person_054544762,Beman and Brinsmade,NA
Person_889403485,Blitman Residence Commons,NA
Person_756645737,Barton Hall,NA
Person_255938839,City Station South,NA
Person_288221296,Cary Hall,NA
Person_291332973,Blitman Residence Commons,NA
Person_558359400,Blitman Residence Commons,NA
Person_631114154,Barton Hall,NA
Person_745361449,Bray Hall,NA
Person_666344444,Barton Hall,NA
Person_992804070,Polytechnic Apartments,NA
Person_885690064,Bray Hall,NA
Person_980262763,Cary Hall,NA
Person_955008035,Barton Hall,NA
Person_119379576,City Station South,NA
Person_019339805,Bray Hall,NA
Person_335278967,Polytechnic Apartments,NA
Person_745682643,City Station South,NA
Person_756793844,Bray Hall,NA
Person_740842938,Polytechnic Apartments,NA
Person_856905659,City Station South,NA
Person_493667526,Cary Hall,NA
Person_898635970,Barton Hall,NA
Person_651360677,Polytechnic Apartments,NA
Person_848675652,Barton Hall,NA
Person_946575278,Bray Hall,NA
Person_608914714,Barton Hall,NA
Person_094942290,Barton Hall,NA
Person_954916893,Cary Hall,NA
Person_200817203,Blitman Residence Commons,NA
Person_419858722,Polytechnic Apartments,NA
Person_450582986,Bray Hall,NA
Person_756724593,Bray Hall,NA
Person_945263721,Bray Hall,NA
Person_120580120,Barton Hall,NA
Person_024761034,Beman and Brinsmade,NA
Person_910772172,City Station South,NA
Person_271612067,City Station South,NA
Person_253498070,Barton Hall,NA
Person_596470524,City Station South,NA
Person_043181351,City Station South,NA
Person_997473384,Barton Hall,NA
Person_265015971,Cary Hall,NA
Person_376844669,Cary Hall,NA
Person_344454849,Barton Hall,NA
Person_217961172,Blitman Residence Commons,NA
Person_022989229,City Station South,NA
Person_519715481,City Station South,NA
Person_909015790,Polytechnic Apartments,NA
Person_898260010,Blitman Residence Commons,NA
Person_059729312,City Station South,NA
Person_207921983,Beman and Brinsmade,NA
Person_242291564,Beman and Brinsmade,NA
Person_088325945,City Station South,NA
Person_405262631,Barton Hall,NA
Person_237086523,Blitman Residence Commons,NA
Person_319257982,Beman and Brinsmade,NA
Person_739093301,Bray Hall,NA
Person_466424125,Cary Hall,NA
Person_113534136,Blitman Residence Commons,NA
Person_047208645,Blitman Residence Commons,NA
Person_171471933,Polytechnic Apartments,NA
Person_050845868,Barton Hall,NA
Person_406936428,Polytechnic Apartments,NA
Person_060186074,Polytechnic Apartments,NA
Person_453319810,Blitman Residence Commons,NA
Person_403775762,Barton Hall,NA
Person_163703760,Blitman Residence Commons,NA
Person_162338522,Blitman Residence Commons,NA
Person_683503951,Polytechnic Apartments,NA
Person_627631547,Blitman Residence Commons,NA
Person_193948786,Blitman Residence Commons,NA
Person_765419928,Barton Hall,NA
Person_978017336,Bray Hall,NA
Person_828987076,Blitman Residence Commons,NA
Person_944248738,Polytechnic Apartments,NA
Person_673926819,Bray Hall,NA
Person_665530484,Cary Hall,NA
Person_424717737,Polytechnic Apartments,NA
Person_965664453,Blitman Residence Commons,NA
Person_144276549,City Station South,NA
Person_185803393,Cary Hall,NA
Person_084267804,City Station South,NA
Person_974297957,Beman and Brinsmade,NA
Person_267213499,Blitman Residence Commons,NA
Person_764843218,Barton Hall,NA
Person_693161524,Beman and Brinsmade,NA
Person_071444585,Blitman Residence Commons,NA
Person_652251022,Blitman Residence Commons,NA
Person_668861507,Blitman Residence Commons,NA
Person_265774855,Bray Hall,NA
Person_098791803,Polytechnic Apartments,NA
Person_238446679,Barton Hall,NA
Person_277105327,Blitman Residence Commons,NA
Person_151700383,Blitman Residence Commons,NA
Person_187543603,Barton Hall,NA
Person_715322196,Blitman Residence Commons,NA
Person_701408241,Cary Hall,NA
Person_451369423,Blitman Residence Commons,NA
Person_532292166,Barton Hall,NA
Person_314812096,Cary Hall,NA
Person_306429734,Barton Hall,NA
Person_242220328,Barton Hall,NA
Person_844378445,Polytechnic Apartments,NA
Person_567675061,City Station South,NA
Person_466100829,Polytechnic Apartments,NA
Person_297756679,Beman and Brinsmade,NA
Person_467411976,Polytechnic Apartments,NA
Person_828596002,City Station South,NA
Person_354941668,City Station South,NA
Person_115647590,Blitman Residence Commons,NA
Person_904359312,Bray Hall,NA
Person_916541685,Blitman Residence Commons,NA
Person_223441874,Blitman Residence Commons,NA
Person_628608357,Bray Hall,NA
Person_952584128,Polytechnic Apartments,NA
Person_984753043,City Station South,NA
Person_653651564,Beman and Brinsmade,NA
Person_712683737,Polytechnic Apartments,NA
Person_371604077,Barton Hall,NA
Person_583371951,Barton Hall,NA
Person_045091362,Bray Hall,NA
Person_770119411,Blitman Residence Commons,NA
Person_579372015,Barton Hall,NA
Person_887568303,Beman and Brinsmade,NA
Person_434519483,Bray Hall,NA
Person_976828734,City Station South,NA
Person_653735556,City Station South,NA
Person_837972712,City Station South,NA
Person_103652175,Polytechnic Apartments,NA
Person_736430592,Cary Hall,NA
Person_419016038,Bray Hall,NA
Person_422268175,City Station South,NA
Person_085494184,Polytechnic Apartments,NA
Person_334607331,Beman and Brinsmade,NA
Person_037907134,Cary Hall,NA
Person_572206848,Bray Hall,NA
Person_501096338,Beman and Brinsmade,NA
Person_660163342,Bray Hall,NA
Person_429868641,Polytechnic Apartments,NA
Person_470271528,Polytechnic Apartments,NA
Person_106234949,Barton Hall,NA
Person_732136351,Cary Hall,NA
Person_815249952,Blitman Residence Commons,NA
Person_240528981,Bray Hall,NA
Person_034643444,Bray Hall,NA
Person_416147819,Polytechnic Apartments,NA
Person_086643306,Bray Hall,NA
Person_236954021,Bray Hall,NA
Person_691448100,Beman and Brinsmade,NA
Person_053618922,Barton Hall,NA
Person_770656620,Beman and Brinsmade,NA
Person_039517179,Cary Hall,NA
Person_923107738,Beman and Brinsmade,NA
Person_814643675,Polytechnic Apartments,NA
Person_320435758,Beman and Brinsmade,NA
Person_511213144,Barton Hall,NA
Person_645869406,Blitman Residence Commons,NA
Person_770294470,Bray Hall,NA
Person_443539991,Blitman Residence Commons,NA
Person_396034102,Cary Hall,NA
Person_759052431,Beman and Brinsmade,NA
Person_493784634,City Station South,NA
Person_902483024,Bray Hall,NA
Person_878983891,Blitman Residence Commons,NA
Person_370268759,Beman and Brinsmade,NA
Person_327660274,City Station South,NA
Person_152612297,Beman and Brinsmade,NA
Person_635325645,Polytechnic Apartments,NA
Person_173627072,Polytechnic Apartments,NA
Person_020541505,City Station South,NA
Person_330735189,Barton Hall,NA
Person_442450274,Barton Hall,NA
Person_047210015,Blitman Residence Commons,NA
Person_785740034,Beman and Brinsmade,NA
Person_519507321,Polytechnic Apartments,NA
Person_941686123,Blitman Residence Commons,NA
Person_788226136,City Station South,NA
Person_442276376,City Station South,NA
Person_982172328,Polytechnic Apartments,NA
Person_173765631,City Station South,NA
Person_921262288,Beman and Brinsmade,NA
Person_346603477,Cary Hall,NA
Person_766293418,Barton Hall,NA
Person_044007904,Blitman Residence Commons,NA
Person_908832895,Blitman Residence Commons,NA
Person_123710582,Polytechnic Apartments,NA
Person_691360560,Bray Hall,NA
Person_212774061,Polytechnic Apartments,NA
Person_947141334,Barton Hall,NA
Person_715327735,City Station South,NA
Person_931605722,Polytechnic Apartments,NA
Person_966504706,Blitman Residence Commons,NA
Person_815179178,Blitman Residence Commons,NA
Person_642312174,City Station South,NA
Person_951149497,Beman and Brinsmade,NA
Person_107341055,Barton Hall,NA
Person_275016580,City Station South,NA
Person_282175134,City Station South,NA
Person_489957840,Blitman Residence Commons,NA
Person_517176260,Polytechnic Apartments,NA
Person_470962269,City Station South,NA
Person_275971412,Blitman Residence Commons,NA
Person_639998401,Bray Hall,NA
Person_526420001,Cary Hall,NA
Person_135289433,Beman and Brinsmade,NA
Person_958805932,Blitman Residence Commons,NA
Person_377920373,Blitman Residence Commons,NA
Person_818603875,City Station South,NA
Person_388911221,City Station South,NA
Person_456313767,Cary Hall,NA
Person_667570048,Blitman Residence Commons,NA
Person_403441448,Bray Hall,NA
Person_971204500,Beman and Brinsmade,NA
Person_695875591,Barton Hall,NA
Person_288388313,Barton Hall,NA
Person_540629409,Beman and Brinsmade,NA
Person_679085971,Blitman Residence Commons,NA
Person_763094004,Blitman Residence Commons,NA
Person_278135043,Bray Hall,NA
Person_242826613,Barton Hall,NA
Person_283414925,City Station South,NA
Person_995724598,Polytechnic Apartments,NA
Person_931070454,Bray Hall,NA
Person_877206385,Beman and Brinsmade,NA
Person_530153644,Polytechnic Apartments,NA
Person_731312028,Bray Hall,NA
Person_220410115,Cary Hall,NA
Person_079255674,Beman and Brinsmade,NA
Person_614755529,Polytechnic Apartments,NA
